{
  "version": 1,
  "author": "Thong Lai",
  "editor": "wokwi",
  "parts": [
    { "type": "wokwi-esp32-devkit-v1", "id": "esp", "top": -7.09, "left": -112.48, "attrs": {} },
    {
      "type": "wokwi-dht22",
      "id": "dht1",
      "top": -101.96,
      "left": 18.2,
      "attrs": { "temperature": "27.8", "humidity": "46" }
    },
    { "type": "wokwi-led", "id": "led1", "top": 6, "left": -254.4, "attrs": { "color": "red" } },
    {
      "type": "wokwi-buzzer",
      "id": "bz1",
      "top": -81.01,
      "left": -302.82,
      "attrs": { "volume": "0.1" }
    },
    {
      "type": "wokwi-resistor",
      "id": "r3",
      "top": 113.83,
      "left": -199.17,
      "attrs": { "value": "1000" }
    }
  ],
  "connections": [
    [ "esp:TX0", "$serialMonitor:RX", "", [] ],
    [ "esp:RX0", "$serialMonitor:TX", "", [] ],
    [ "esp:D15", "dht1:SDA", "green", [ "h0" ] ],
    [ "esp:GND.1", "dht1:GND", "black", [ "h0" ] ],
    [ "esp:3V3", "dht1:VCC", "red", [ "v0.15", "h142.21" ] ],
    [ "esp:D13", "bz1:2", "limegreen", [ "h0" ] ],
    [ "bz1:1", "esp:GND.2", "black", [ "v0" ] ],
    [ "led1:C", "esp:GND.2", "black", [ "v0" ] ],
    [ "r3:2", "esp:D12", "green", [ "v0" ] ],
    [ "r3:1", "led1:A", "green", [ "h-31.43", "v-75.86" ] ]
  ]
}